{
    "replace": false,
    "values": [
     
      {"id": "minecraft:air","required": false},
      {"id": "minecraft:cave_air","required": false},
      {"id": "minecraft:void_air","required": false},
      {"id": "minecraft:fire","required": false},
      {"id": "minecraft:soul_fire","required": false},
      {"id": "minecraft:vine","required": false},
      {"id": "minecraft:cave_vines","required": false},
      {"id": "minecraft:short_grass","required": false},
      {"id": "minecraft:pink_petals","required": false},
      {"id": "#minecraft:replaceable_plants","required": false},
      {"id": "minecraft:tall_grass","required": false},
      {"id": "#minecraft:flowers","required": false},
      {"id": "#minecraft:saplings","required": false},
      {"id": "#minecraft:climbable","required": false},
  
      {"id": "#minecraft:tall_flowers","required": false},
      {"id": "#minecraft:carpets","required": false},
      {"id": "minecraft:torch","required": false},
      {"id": "minecraft:soul_torch","required": false},
  
      {"id": "minecraft:warped_roots","required": false},
      {"id": "minecraft:crimson_roots","required": false},
  
      {"id": "#minecraft:crops","required": false},
  
  
      {"id": "minecraft:snow","required": false},
      {"id": "minecraft:moss_carpet","required": false}
      
     
  
  
      
  
  
  
    
  
  
      
    ]
  }
  