

{
  "condition": "minecraft:any_of",
  "terms": [


    {
      "condition": "minecraft:entity_properties",
      "entity": "this",
      "predicate": {
        "equipment": {
          "mainhand": {
            "items": [
              "minecraft:emerald"
            ]
          }
        }
      }
    },
    
    {
      "condition": "minecraft:entity_properties",
      "entity": "this",
      "predicate": {
        "equipment": {
          "offhand": {
            "items": [
              "minecraft:emerald"
            ]
          }
        }
      }
    }

  ]
}
