{
  "feature": {
    "type": "minecraft:random_selector",
    "config": {
      "features": [
        {
          "chance": 0.05,
          "feature": "funky:birch_forest/birch_f"
        },
        {
          "chance": 0.1,
          "feature": "funky:birch_forest/birch_bees_0002"
        },
        {
          "chance": 0.25,
          "feature": "funky:birch_forest/birch_bendy"
        },
        {
          "chance": 0.34,
          "feature": "funky:birch_forest/super_birch_bees"
        },
        {
          "chance": 0.3,
          "feature": "funky:birch_forest/birch_dark_oak"
        },
        {
          "chance": 0.12,
          "feature": "funky:birch_forest/rock"
        },
        {
          "chance": 0.3,
          "feature": "funky:birch_forest/birch_fungi"
        },
        {
          "chance": 0.45,
          "feature": "funky:birch_forest/birch_bees_005"
        },
        {
          "chance": 0.11,
          "feature": "funky:birch_forest/birch_shrub"
        }
      ],
      "default": "funky:birch_forest/birch_shrub"
    }
  },
  "placement": [
    {
      "type": "minecraft:count",
      "count": {
        "type": "minecraft:weighted_list",
        "distribution": [
          {
            "weight": 9,
            "data": 12
          },
          {
            "weight": 1,
            "data": 7
          }
        ]
      }
    },
    {
      "type": "minecraft:in_square"
    },
    {
      "type": "minecraft:surface_water_depth_filter",
      "max_water_depth": 0
    },
    {
      "type": "minecraft:heightmap",
      "heightmap": "OCEAN_FLOOR"
    },
    {
      "type": "minecraft:biome"
    },
    {
      "type": "minecraft:block_predicate_filter",
      "predicate": {
        "type": "minecraft:would_survive",
        "state": {
          "Name": "minecraft:birch_sapling",
          "Properties": {
            "stage": "0"
          }
        }
      }
    }
  ]
}
