{
  "feature": {
    "type": "minecraft:random_selector",
    "config": {
      "features": [
        {
          "chance": 0.025,
          "feature": "funky:brown_mushroom_1"
        },
        {
          "chance": 0.09,
          "feature": "funky:dark_forest/moss_layer"
        },
        {
          "chance": 0.3,
          "feature": "funky:dark_forest/minidark"
        },
        {
          "chance": 0.05,
          "feature": "funky:dark_forest/dark_oak_f"
        },
        {
          "chance": 0.05,
          "feature": "funky:red_mushroom_1"
        },
        {
          "chance": 0.6,
          "feature": "funky:dark_forest/dark_oak"
        },
        {
          "chance": 0.75,
          "feature": "funky:dark_forest/dark_oak_shrub"
        },
        {
          "chance": 0.35,
          "feature": "funky:dark_forest/dark_oak_1"
        },
        {
          "chance": 0.1,
          "feature": "funky:dark_forest/elm"
        },
        {
          "chance": 0.02,
          "feature": "funky:rock_2"
        }
      ],
      "default": "funky:blank"
    }
  },
  "placement": [
    {
      "type": "minecraft:count",
      "count": 16
    },
    {
      "type": "minecraft:in_square"
    },
    {
      "type": "minecraft:surface_water_depth_filter",
      "max_water_depth": 0
    },
    {
      "type": "minecraft:heightmap",
      "heightmap": "OCEAN_FLOOR"
    },
    {
      "type": "minecraft:biome"
    }
  ]
}
