{
  "feature": {
    "type": "minecraft:random_selector",
    "config": {
      "features": [
        {
          "chance": 0.07,
          "feature": "funky:savanna/acacia_shrub"
        },
        {
          "chance": 0.003,
          "feature": "funky:savanna/acacia_f"
        }
      ],
      "default": "funky:savanna/savanna_grass"
    }
  },
  "placement": [
    {
      "type": "minecraft:count",
      "count": 17
    },
    {
      "type": "minecraft:in_square"
    },
    {
      "type": "minecraft:heightmap",
      "heightmap": "WORLD_SURFACE_WG"
    },
    {
      "type": "minecraft:biome"
    }
  ]
}
