{
  "feature": {
    "type": "minecraft:random_selector",
    "config": {
      "features": [
        {
          "chance": 0.8,
          "feature": "funky:mangrove_swamp/mini_mangrove"
        },
        {
          "chance": 0.5,
          "feature": "funky:swamp/swamp_oak"
        },
        {
          "chance": 0.18,
          "feature": "funky:mangrove_swamp/tall_mangrove"
        },
        {
          "chance": 0.16,
          "feature": "funky:mangrove_swamp/giant_mangrove"
        },
        {
          "chance": 0.3,
          "feature": "funky:mangrove_swamp/medium_mangrove"
        },
        {
          "chance": 0.02,
          "feature": "funky:mangrove_swamp/mangrove_brown_mushroom"
        },
        {
          "chance": 0.017,
          "feature": "funky:mangrove_swamp/mangrove_red_mushroom"
        }
      ],
      "default": "funky:mangrove_swamp/mini_mangrove"
    }
  },
  "placement": [
    {
      "type": "minecraft:count",
      "count": 210
    },
    {
      "type": "minecraft:in_square"
    },
    {
      "type": "minecraft:surface_water_depth_filter",
      "max_water_depth": 20
    },
    {
      "type": "minecraft:heightmap",
      "heightmap": "OCEAN_FLOOR"
    },
    {
      "type": "minecraft:biome"
    },
    {
      "type": "minecraft:block_predicate_filter",
      "predicate": {
        "type": "minecraft:would_survive",
        "state": {
          "Name": "minecraft:birch_sapling",
          "Properties": {
            "stage": "0"
          }
        }
      }
    }
  ]
}
