{
  "feature": {
    "type": "minecraft:random_selector",
    "config": {
      "features": [
        {
          "chance": 0.15,
          "feature": "funky:swamp/swamp_oak"
        },
        {
          "chance": 0.07,
          "feature": "funky:mangrove_swamp/mini_mangrove"
        },
        {
          "chance": 0.04,
          "feature": "minecraft:mangrove_checked"
        },
        {
          "chance": 0.07,
          "feature": "funky:swamp/mud_patch"
        },
        {
          "chance": 0.07,
          "feature": "funky:swamp/wet_mud_patch"
        },
        {
          "chance": 0.04,
          "feature": "funky:swamp/brown_mushroom"
        },
        {
          "chance": 0.5,
          "feature": "funky:swamp/mud_dripleafs"
        },
        {
          "chance": 0.03,
          "feature": "funky:red_mushroom_2"
        }
      ],
      "default": "funky:swamp/swamp_oak"
    }
  },
  "placement": [
    {
      "type": "minecraft:count",
      "count": {
        "type": "minecraft:weighted_list",
        "distribution": [
          {
            "weight": 9,
            "data": 8
          },
          {
            "weight": 1,
            "data": 9
          }
        ]
      }
    },
    {
      "type": "minecraft:in_square"
    },
    {
      "type": "minecraft:surface_water_depth_filter",
      "max_water_depth": 0
    },
    {
      "type": "minecraft:heightmap",
      "heightmap": "OCEAN_FLOOR"
    },
    {
      "type": "minecraft:biome"
    }
  ]
}
