{
  "feature": {
    "type": "minecraft:random_selector",
    "config": {
      "features": [
        {
          "chance": 0.15,
          "feature": "funky:birch_forest/birch_f"
        },
        {
          "chance": 0.08,
          "feature": "funky:birch_forest/rock"
        },
        {
          "chance": 0.2,
          "feature": "funky:birch_forest/birch_fungi"
        },
        {
          "chance": 0.8,
          "feature": "funky:birch_forest/birch_bees_0002"
        },
        {
          "chance": 0.8,
          "feature": "funky:birch_forest/birch_bendy"
        }
      ],
      "default": "funky:birch_forest/birch_shrub"
    }
  },
  "placement": [
    {
      "type": "minecraft:count",
      "count": {
        "type": "minecraft:weighted_list",
        "distribution": [
          {
            "weight": 9,
            "data": 6
          },
          {
            "weight": 1,
            "data": 4
          }
        ]
      }
    },
    {
      "type": "minecraft:in_square"
    },
    {
      "type": "minecraft:surface_water_depth_filter",
      "max_water_depth": 0
    },
    {
      "type": "minecraft:heightmap",
      "heightmap": "OCEAN_FLOOR"
    },
    {
      "type": "minecraft:biome"
    },
    {
      "type": "minecraft:block_predicate_filter",
      "predicate": {
        "type": "minecraft:would_survive",
        "state": {
          "Name": "minecraft:birch_sapling",
          "Properties": {
            "stage": "0"
          }
        }
      }
    }
  ]
}
