{
  "feature": {
    "type": "minecraft:random_selector",
    "config": {
      "features": [
        {
          "chance": 0.1,
          "feature": "funky:mangrove_swamp/mini_mangrove"
        },
        {
          "chance": 0.054,
          "feature": "funky:mangrove_swamp/mangrove_red_mushroom"
        },
        {
          "chance": 0.054,
          "feature": "funky:swamp/red_mushroom"
        },
        {
          "chance": 0.34,
          "feature": "funky:jungle/small_tree"
        },
        {
          "chance": 0.12,
          "feature": "funky:jungle/podzol_patch"
        },
        {
          "chance": 0.07,
          "feature": "funky:jungle/flowering_azalea"
        },
        {
          "chance": 0.15,
          "feature": "funky:jungle/azalea"
        },
        {
          "chance": 0.1,
          "feature": "funky:jungle/fancy_birch"
        },
        {
          "chance": 0.6,
          "feature": "minecraft:jungle_bush"
        },
        {
          "chance": 0.3,
          "feature": "funky:jungle/mega_jungle_tree"
        },
        {
          "chance": 0.43,
          "feature": "funky:dark_forest/minidark"
        },
        {
          "chance": 0.07,
          "feature": "funky:jungle/giant_jungle_tree"
        }
      ],
      "default": "funky:jungle/jungle_tree"
    }
  },
  "placement": [
    {
      "type": "minecraft:count",
      "count": {
        "type": "minecraft:weighted_list",
        "distribution": [
          {
            "weight": 9,
            "data": 73
          },
          {
            "weight": 1,
            "data": 82
          }
        ]
      }
    },
    {
      "type": "minecraft:in_square"
    },
    {
      "type": "minecraft:surface_water_depth_filter",
      "max_water_depth": 0
    },
    {
      "type": "minecraft:heightmap",
      "heightmap": "OCEAN_FLOOR"
    },
    {
      "type": "minecraft:biome"
    }
  ]
}
