{
  "feature": {
    "type": "minecraft:random_selector",
    "config": {
      "features": [
        {
          "chance": 0.45,
          "feature": "funky:forest/twisty_oak"
        },
        {
          "chance": 0.2,
          "feature": "funky:forest/birch_bees_0002"
        },
        {
          "chance": 0.054,
          "feature": "funky:forest/fancy_oak_bees_0002"
        },
        {
          "chance": 0.14,
          "feature": "funky:forest/fancy_alt"
        }
      ],
      "default": "funky:forest/oak_bees_0002"
    }
  },
  "placement": [
    {
      "type": "minecraft:count",
      "count": {
        "type": "minecraft:weighted_list",
        "distribution": [
          {
            "weight": 9,
            "data": 10
          },
          {
            "weight": 1,
            "data": 5
          }
        ]
      }
    },
    {
      "type": "minecraft:in_square"
    },
    {
      "type": "minecraft:surface_water_depth_filter",
      "max_water_depth": 0
    },
    {
      "type": "minecraft:heightmap",
      "heightmap": "OCEAN_FLOOR"
    },
    {
      "type": "minecraft:biome"
    }
  ]
}
