{
  "feature": "funky:red_mushy",
  "placement": [
    {
      "type": "minecraft:block_predicate_filter",
      "predicate": {
        "type": "minecraft:matching_blocks",
        "blocks": "minecraft:water"
      }
    },
    {
      "type": "minecraft:surface_water_depth_filter",
      "max_water_depth": 50
    },
    {
      "type": "minecraft:block_predicate_filter",
      "predicate": {
        "type": "minecraft:would_survive",
        "state": {
          "Name": "minecraft:sea_pickle",
          "Properties": {
            "pickles": "1",
            "waterlogged": "true"
          }
        }
      }
    }
  ]
}
