{"type":"minecraft:entity","pools":[{"rolls":1,"entries":[{"type":"minecraft:item","name":"minecraft:stone","functions":[{"function":"minecraft:copy_nbt","source":"this","ops":[{"source":"Inventory[0]","target":"deeper_dark_apply_nbt","op":"replace"}]}]}]},{"rolls":1,"entries":[{"type":"minecraft:item","name":"minecraft:stone","functions":[{"function":"minecraft:copy_nbt","source":"this","ops":[{"source":"Inventory[1]","target":"deeper_dark_apply_nbt","op":"replace"}]}]}]},{"rolls":1,"entries":[{"type":"minecraft:item","name":"minecraft:stone","functions":[{"function":"minecraft:copy_nbt","source":"this","ops":[{"source":"Inventory[2]","target":"deeper_dark_apply_nbt","op":"replace"}]}]}]},{"rolls":1,"entries":[{"type":"minecraft:item","name":"minecraft:stone","functions":[{"function":"minecraft:copy_nbt","source":"this","ops":[{"source":"Inventory[3]","target":"deeper_dark_apply_nbt","op":"replace"}]}]}]},{"rolls":1,"entries":[{"type":"minecraft:item","name":"minecraft:stone","functions":[{"function":"minecraft:copy_nbt","source":"this","ops":[{"source":"Inventory[4]","target":"deeper_dark_apply_nbt","op":"replace"}]}]}]},{"rolls":1,"entries":[{"type":"minecraft:item","name":"minecraft:stone","functions":[{"function":"minecraft:copy_nbt","source":"this","ops":[{"source":"Inventory[5]","target":"deeper_dark_apply_nbt","op":"replace"}]}]}]},{"rolls":1,"entries":[{"type":"minecraft:item","name":"minecraft:stone","functions":[{"function":"minecraft:copy_nbt","source":"this","ops":[{"source":"Inventory[6]","target":"deeper_dark_apply_nbt","op":"replace"}]}]}]},{"rolls":1,"entries":[{"type":"minecraft:item","name":"minecraft:stone","functions":[{"function":"minecraft:copy_nbt","source":"this","ops":[{"source":"Inventory[7]","target":"deeper_dark_apply_nbt","op":"replace"}]}]}]},{"rolls":1,"entries":[{"type":"minecraft:item","name":"minecraft:stone","functions":[{"function":"minecraft:copy_nbt","source":"this","ops":[{"source":"Inventory[8]","target":"deeper_dark_apply_nbt","op":"replace"}]}]}]},{"rolls":1,"entries":[{"type":"minecraft:item","name":"minecraft:stone","functions":[{"function":"minecraft:copy_nbt","source":"this","ops":[{"source":"Inventory[9]","target":"deeper_dark_apply_nbt","op":"replace"}]}]}]},{"rolls":1,"entries":[{"type":"minecraft:item","name":"minecraft:stone","functions":[{"function":"minecraft:copy_nbt","source":"this","ops":[{"source":"Inventory[10]","target":"deeper_dark_apply_nbt","op":"replace"}]}]}]},{"rolls":1,"entries":[{"type":"minecraft:item","name":"minecraft:stone","functions":[{"function":"minecraft:copy_nbt","source":"this","ops":[{"source":"Inventory[11]","target":"deeper_dark_apply_nbt","op":"replace"}]}]}]},{"rolls":1,"entries":[{"type":"minecraft:item","name":"minecraft:stone","functions":[{"function":"minecraft:copy_nbt","source":"this","ops":[{"source":"Inventory[12]","target":"deeper_dark_apply_nbt","op":"replace"}]}]}]},{"rolls":1,"entries":[{"type":"minecraft:item","name":"minecraft:stone","functions":[{"function":"minecraft:copy_nbt","source":"this","ops":[{"source":"Inventory[13]","target":"deeper_dark_apply_nbt","op":"replace"}]}]}]},{"rolls":1,"entries":[{"type":"minecraft:item","name":"minecraft:stone","functions":[{"function":"minecraft:copy_nbt","source":"this","ops":[{"source":"Inventory[14]","target":"deeper_dark_apply_nbt","op":"replace"}]}]}]},{"rolls":1,"entries":[{"type":"minecraft:item","name":"minecraft:stone","functions":[{"function":"minecraft:copy_nbt","source":"this","ops":[{"source":"Inventory[15]","target":"deeper_dark_apply_nbt","op":"replace"}]}]}]},{"rolls":1,"entries":[{"type":"minecraft:item","name":"minecraft:stone","functions":[{"function":"minecraft:copy_nbt","source":"this","ops":[{"source":"Inventory[16]","target":"deeper_dark_apply_nbt","op":"replace"}]}]}]},{"rolls":1,"entries":[{"type":"minecraft:item","name":"minecraft:stone","functions":[{"function":"minecraft:copy_nbt","source":"this","ops":[{"source":"Inventory[17]","target":"deeper_dark_apply_nbt","op":"replace"}]}]}]},{"rolls":1,"entries":[{"type":"minecraft:item","name":"minecraft:stone","functions":[{"function":"minecraft:copy_nbt","source":"this","ops":[{"source":"Inventory[18]","target":"deeper_dark_apply_nbt","op":"replace"}]}]}]},{"rolls":1,"entries":[{"type":"minecraft:item","name":"minecraft:stone","functions":[{"function":"minecraft:copy_nbt","source":"this","ops":[{"source":"Inventory[19]","target":"deeper_dark_apply_nbt","op":"replace"}]}]}]},{"rolls":1,"entries":[{"type":"minecraft:item","name":"minecraft:stone","functions":[{"function":"minecraft:copy_nbt","source":"this","ops":[{"source":"Inventory[20]","target":"deeper_dark_apply_nbt","op":"replace"}]}]}]},{"rolls":1,"entries":[{"type":"minecraft:item","name":"minecraft:stone","functions":[{"function":"minecraft:copy_nbt","source":"this","ops":[{"source":"Inventory[21]","target":"deeper_dark_apply_nbt","op":"replace"}]}]}]},{"rolls":1,"entries":[{"type":"minecraft:item","name":"minecraft:stone","functions":[{"function":"minecraft:copy_nbt","source":"this","ops":[{"source":"Inventory[22]","target":"deeper_dark_apply_nbt","op":"replace"}]}]}]},{"rolls":1,"entries":[{"type":"minecraft:item","name":"minecraft:stone","functions":[{"function":"minecraft:copy_nbt","source":"this","ops":[{"source":"Inventory[23]","target":"deeper_dark_apply_nbt","op":"replace"}]}]}]},{"rolls":1,"entries":[{"type":"minecraft:item","name":"minecraft:stone","functions":[{"function":"minecraft:copy_nbt","source":"this","ops":[{"source":"Inventory[24]","target":"deeper_dark_apply_nbt","op":"replace"}]}]}]},{"rolls":1,"entries":[{"type":"minecraft:item","name":"minecraft:stone","functions":[{"function":"minecraft:copy_nbt","source":"this","ops":[{"source":"Inventory[25]","target":"deeper_dark_apply_nbt","op":"replace"}]}]}]},{"rolls":1,"entries":[{"type":"minecraft:item","name":"minecraft:stone","functions":[{"function":"minecraft:copy_nbt","source":"this","ops":[{"source":"Inventory[26]","target":"deeper_dark_apply_nbt","op":"replace"}]}]}]},{"rolls":1,"entries":[{"type":"minecraft:item","name":"minecraft:stone","functions":[{"function":"minecraft:copy_nbt","source":"this","ops":[{"source":"Inventory[27]","target":"deeper_dark_apply_nbt","op":"replace"}]}]}]},{"rolls":1,"entries":[{"type":"minecraft:item","name":"minecraft:stone","functions":[{"function":"minecraft:copy_nbt","source":"this","ops":[{"source":"Inventory[28]","target":"deeper_dark_apply_nbt","op":"replace"}]}]}]},{"rolls":1,"entries":[{"type":"minecraft:item","name":"minecraft:stone","functions":[{"function":"minecraft:copy_nbt","source":"this","ops":[{"source":"Inventory[29]","target":"deeper_dark_apply_nbt","op":"replace"}]}]}]},{"rolls":1,"entries":[{"type":"minecraft:item","name":"minecraft:stone","functions":[{"function":"minecraft:copy_nbt","source":"this","ops":[{"source":"Inventory[30]","target":"deeper_dark_apply_nbt","op":"replace"}]}]}]},{"rolls":1,"entries":[{"type":"minecraft:item","name":"minecraft:stone","functions":[{"function":"minecraft:copy_nbt","source":"this","ops":[{"source":"Inventory[31]","target":"deeper_dark_apply_nbt","op":"replace"}]}]}]},{"rolls":1,"entries":[{"type":"minecraft:item","name":"minecraft:stone","functions":[{"function":"minecraft:copy_nbt","source":"this","ops":[{"source":"Inventory[32]","target":"deeper_dark_apply_nbt","op":"replace"}]}]}]},{"rolls":1,"entries":[{"type":"minecraft:item","name":"minecraft:stone","functions":[{"function":"minecraft:copy_nbt","source":"this","ops":[{"source":"Inventory[33]","target":"deeper_dark_apply_nbt","op":"replace"}]}]}]},{"rolls":1,"entries":[{"type":"minecraft:item","name":"minecraft:stone","functions":[{"function":"minecraft:copy_nbt","source":"this","ops":[{"source":"Inventory[34]","target":"deeper_dark_apply_nbt","op":"replace"}]}]}]},{"rolls":1,"entries":[{"type":"minecraft:item","name":"minecraft:stone","functions":[{"function":"minecraft:copy_nbt","source":"this","ops":[{"source":"Inventory[35]","target":"deeper_dark_apply_nbt","op":"replace"}]}]}]},{"rolls":1,"entries":[{"type":"minecraft:item","name":"minecraft:stone","functions":[{"function":"minecraft:copy_nbt","source":"this","ops":[{"source":"Inventory[36]","target":"deeper_dark_apply_nbt","op":"replace"}]}]}]},{"rolls":1,"entries":[{"type":"minecraft:item","name":"minecraft:stone","functions":[{"function":"minecraft:copy_nbt","source":"this","ops":[{"source":"Inventory[37]","target":"deeper_dark_apply_nbt","op":"replace"}]}]}]},{"rolls":1,"entries":[{"type":"minecraft:item","name":"minecraft:stone","functions":[{"function":"minecraft:copy_nbt","source":"this","ops":[{"source":"Inventory[38]","target":"deeper_dark_apply_nbt","op":"replace"}]}]}]},{"rolls":1,"entries":[{"type":"minecraft:item","name":"minecraft:stone","functions":[{"function":"minecraft:copy_nbt","source":"this","ops":[{"source":"Inventory[39]","target":"deeper_dark_apply_nbt","op":"replace"}]}]}]},{"rolls":1,"entries":[{"type":"minecraft:item","name":"minecraft:stone","functions":[{"function":"minecraft:copy_nbt","source":"this","ops":[{"source":"Inventory[40]","target":"deeper_dark_apply_nbt","op":"replace"}]}]}]},{"rolls":1,"entries":[{"type":"minecraft:item","name":"minecraft:stone","functions":[{"function":"minecraft:copy_nbt","source":"this","ops":[{"source":"Inventory[41]","target":"deeper_dark_apply_nbt","op":"replace"}]}]}]}],"functions":[{"function":"minecraft:set_nbt","tag":"{deeper_dark_deathloot:1b}"}]}