{
	"type": "minecraft:chest",
	"pools": [
		{
			"rolls": {
				"min": 4,
				"max": 6
			},
			"entries": [
				{
					"type": "minecraft:item",
					"quality": 1,
					"name": "minecraft:emerald_block"
				},
				{
					"type": "minecraft:item",
					"weight": 3,
					"name": "minecraft:emerald",
					"functions": [
						{
							"function": "minecraft:set_count",
							"count": {
								"min": 1,
								"max": 3
							}
						}
					]
				},
				{
					"type": "minecraft:item",
					"weight": 3,
					"name": "minecraft:book"
				},
				{
					"type": "minecraft:item",
					"quality": 1,
					"name": "minecraft:book",
					"functions": [
						{
							"function": "minecraft:enchant_with_levels",
							"levels": {
								"min": 30,
								"max": 40
							},
							"treasure": true
						}
					]
				}
			]
		},
		{
			"rolls": {
				"min": 1,
				"max": 3
			},
			"bonus_rolls": 0,
			"entries": [
				{
					"type": "minecraft:item",
					"name": "minecraft:iron_helmet",
					"functions": [
						{
							"function": "minecraft:enchant_with_levels",
							"levels": {
								"min": 20,
								"max": 32
							},
							"treasure": false
						}
					]
				},
				{
					"type": "minecraft:item",
					"name": "minecraft:iron_chestplate",
					"functions": [
						{
							"function": "minecraft:enchant_with_levels",
							"levels": {
								"min": 20,
								"max": 32
							},
							"treasure": false
						},
						{
							"function": "minecraft:set_damage",
							"damage": {
								"min": 0.4,
								"max": 0.88
							}
						}
					]
				},
				{
					"type": "minecraft:item",
					"name": "minecraft:iron_leggings",
					"functions": [
						{
							"function": "minecraft:enchant_with_levels",
							"levels": {
								"min": 20,
								"max": 39
							},
							"treasure": false
						},
						{
							"function": "minecraft:set_damage",
							"damage": {
								"min": 0.4,
								"max": 0.88
							}
						}
					]
				},
				{
					"type": "minecraft:item",
					"name": "minecraft:iron_boots",
					"functions": [
						{
							"function": "minecraft:enchant_with_levels",
							"levels": {
								"min": 20,
								"max": 32
							},
							"treasure": false
						},
						{
							"function": "minecraft:set_damage",
							"damage": {
								"min": 0.4,
								"max": 0.88
							}
						}
					]
				},
				{
					"type": "minecraft:item",
					"quality": 1,
					"name": "minecraft:book",
					"functions": [
						{
							"function": "minecraft:enchant_with_levels",
							"levels": {
								"min": 30,
								"max": 40
							},
							"treasure": true
						}
					]
				}
			]
		},
		{
			"rolls": 1,
			"entries": [
				{
					"type": "minecraft:loot_table",
					"name": "stellarity:items/explorer_maps/village"
				}
			]
		},
		{
			"rolls": {
				"min": 1,
				"max": 2
			},
			"entries": [
				{
					"type": "minecraft:item",
					"name": "minecraft:iron_axe",
					"functions": [
						{
							"function": "minecraft:enchant_with_levels",
							"levels": {
								"min": 20,
								"max": 32
							},
							"treasure": false
						},
						{
							"function": "minecraft:set_damage",
							"damage": {
								"min": 0.4,
								"max": 0.88
							}
						}
					]
				},
				{
					"type": "minecraft:item",
					"name": "minecraft:iron_sword",
					"functions": [
						{
							"function": "minecraft:enchant_with_levels",
							"levels": {
								"min": 20,
								"max": 32
							},
							"treasure": false
						},
						{
							"function": "minecraft:set_damage",
							"damage": {
								"min": 0.4,
								"max": 0.88
							}
						}
					]
				},
				{
					"type": "minecraft:item",
					"name": "minecraft:diamond_axe",
					"functions": [
						{
							"function": "minecraft:enchant_with_levels",
							"levels": {
								"min": 20,
								"max": 32
							},
							"treasure": false
						},
						{
							"function": "minecraft:set_damage",
							"damage": {
								"min": 0.4,
								"max": 0.88
							}
						}
					]
				},
				{
					"type": "minecraft:item",
					"name": "minecraft:diamond_sword",
					"functions": [
						{
							"function": "minecraft:enchant_with_levels",
							"levels": {
								"min": 20,
								"max": 32
							},
							"treasure": false
						},
						{
							"function": "minecraft:set_damage",
							"damage": {
								"min": 0.4,
								"max": 0.88
							}
						}
					]
				},
				{
					"type": "minecraft:item",
					"name": "minecraft:crossbow",
					"functions": [
						{
							"function": "minecraft:enchant_with_levels",
							"levels": {
								"min": 20,
								"max": 32
							},
							"treasure": false
						},
						{
							"function": "minecraft:set_damage",
							"damage": {
								"min": 0.4,
								"max": 0.88
							}
						}
					]
				}
			]
		},
		{
			"rolls": 1,
			"entries": [
				{
					"type": "minecraft:item",
					"name": "minecraft:arrow",
					"functions": [
						{
							"function": "minecraft:set_count",
							"count": {
								"min": 9,
								"max": 18
							}
						}
					]
				}
			]
		},
		{
			"rolls": {
				"min": 2,
				"max": 3
			},
			"entries": [
				{
					"type": "minecraft:item",
					"name": "minecraft:splash_potion",
					"functions": [
						{
							"function": "minecraft:set_potion",
							"id": "minecraft:long_regeneration"
						}
					]
				},
				{
					"type": "minecraft:item",
					"weight": 10,
					"name": "minecraft:splash_potion",
					"functions": [
						{
							"function": "minecraft:set_potion",
							"id": "minecraft:strong_healing"
						}
					]
				},
				{
					"type": "minecraft:item",
					"weight": 15,
					"name": "minecraft:pumpkin_pie",
					"functions": [
						{
							"function": "minecraft:set_count",
							"count": {
								"min": 1,
								"max": 3
							}
						}
					]
				},
				{
					"type": "minecraft:item",
					"weight": 8,
					"name": "minecraft:golden_apple"
				},
				{
					"type": "minecraft:item",
					"quality": 1,
					"name": "minecraft:enchanted_golden_apple"
				}
			]
		}
	],
	"random_sequence": "minecraft:chests/shipwreck_supply"
}
