{
  "type": "minecraft:random_patch",
  "config": {
    "tries": 96,
    "xz_spread": 12,
    "y_spread": 2,
    "feature": {
      "feature": {
        "type": "minecraft:simple_block",
        "config": {
          "to_place": {
            "type": "minecraft:weighted_state_provider",
            "entries": [
              {
                "weight": 6,
                "data": {
                  "Name": "minecraft:poppy"
                }
              },
              {
                "weight": 12,
                "data": {
                  "Name": "minecraft:rose_bush",
                  "Properties": {
                    "half": "lower"
                  }
                }
              },
              {
                "weight": 13,
                "data": {
                  "Name": "minecraft:peony",
                  "Properties": {
                    "half": "lower"
                  }
                }
              },
              {
                "weight": 50,
                "data": {
                  "Name": "minecraft:large_fern",
                  "Properties": {
                    "half": "lower"
                  }
                }
              },
              {
                "weight": 60,
                "data": {
                  "Name": "minecraft:tall_grass",
                  "Properties": {
                    "half": "lower"
                  }
                }
              },
              {
                "weight": 70,
                "data": {
                  "Name": "minecraft:fern"
                }
              },
              {
                "weight": 100,
                "data": {
                  "Name": "minecraft:grass"
                }
              }
            ]
          }
        }
      },
      "placement": [
        {
          "type": "minecraft:block_predicate_filter",
          "predicate": {
            "type": "minecraft:matching_blocks",
            "blocks": "minecraft:air"
          }
        }
      ]
    }
  }
}
