{
	"type": "minecraft:entity",
	"pools": [
		{
			"rolls": 1,
			"bonus_rolls": 0,
			"entries": [
				{
					"type": "minecraft:item",
					"name": "minecraft:shulker_shell",
					"functions": [
						{
							"function": "minecraft:set_count",
							"count": {
								"min": 1,
								"max": 2
							}
						}
					]
				}
			],
			"conditions": [
				{
					"condition": "minecraft:random_chance_with_looting",
					"chance": 0.5,
					"looting_multiplier": 0.08
				}
			]
		}
	]
}
