{
  "type": "minecraft:waterlogged_vegetation_patch",
  "config": {
    "surface": "floor",
    "depth": 3,
    "vertical_range": 5,
    "extra_bottom_block_chance": 0.8,
    "extra_edge_column_chance": 0.7,
    "vegetation_chance": 0.17,
    "xz_radius": {
      "type": "minecraft:uniform",
      "value": {
        "min_inclusive": 2,
        "max_inclusive": 7
      }
    },
    "replaceable": "#minecraft:lush_ground_replaceable",
    "ground_state": {
      "type": "minecraft:simple_state_provider",
      "state": {
        "Name": "minecraft:mud"
      }
    },
    "vegetation_feature": {
      "feature": "funky:swamp/dripleaf",
      "placement": []
    }
  }
}
