{
  "type": "minecraft:vegetation_patch",
  "config": {
    "surface": "floor",
    "depth": 1,
    "vertical_range": 1,
    "extra_bottom_block_chance": 1,
    "extra_edge_column_chance": 1,
    "vegetation_chance": 0.07,
    "xz_radius": {
      "type": "minecraft:uniform",
      "value": {
        "min_inclusive": 0,
        "max_inclusive": 2
      }
    },
    "replaceable": "#minecraft:lush_ground_replaceable",
    "ground_state": {
      "type": "minecraft:weighted_state_provider",
      "entries": [
        {
          "weight": 12,
          "data": {
            "Name": "minecraft:mud"
          }
        }
      ]
    },
    "vegetation_feature": {
      "feature": {
        "type": "minecraft:tree",
        "config": {
          "minimum_size": {
            "type": "minecraft:two_layers_feature_size"
          },
          "dirt_provider": {
            "type": "minecraft:simple_state_provider",
            "state": {
              "Name": "minecraft:mycelium",
              "Properties": {
                "snowy": "false"
              }
            }
          },
          "trunk_provider": {
            "type": "minecraft:simple_state_provider",
            "state": {
              "Name": "minecraft:mushroom_stem",
              "Properties": {
                "down": "true",
                "east": "true",
                "north": "true",
                "south": "true",
                "up": "true",
                "west": "true"
              }
            }
          },
          "foliage_provider": {
            "type": "minecraft:simple_state_provider",
            "state": {
              "Name": "minecraft:red_mushroom_block",
              "Properties": {
                "down": "false",
                "east": "true",
                "north": "true",
                "south": "true",
                "up": "true",
                "west": "true"
              }
            }
          },
          "trunk_placer": {
            "type": "minecraft:straight_trunk_placer",
            "base_height": 1,
            "height_rand_a": 0,
            "height_rand_b": 5
          },
          "foliage_placer": {
            "type": "minecraft:pine_foliage_placer",
            "radius": 1,
            "offset": 1,
            "height": 2
          },
          "decorators": []
        }
      },
      "placement": []
    }
  }
}
