{
  "type": "minecraft:tree",
  "config": {
    "ignore_vines": false,
    "force_dirt": false,
    "minimum_size": {
      "type": "minecraft:two_layers_feature_size",
      "limit": 1,
      "lower_size": 0,
      "upper_size": 1
    },
    "dirt_provider": {
      "type": "minecraft:simple_state_provider",
      "state": {
        "Name": "minecraft:dirt"
      }
    },
    "trunk_provider": {
      "type": "minecraft:simple_state_provider",
      "state": {
        "Name": "minecraft:oak_log",
        "Properties": {
          "axis": "y"
        }
      }
    },
    "foliage_provider": {
      "type": "minecraft:simple_state_provider",
      "state": {
        "Name": "minecraft:oak_leaves",
        "Properties": {
          "distance": "7",
          "persistent": "false",
          "waterlogged": "false"
        }
      }
    },
    "root_placer": {
      "type": "minecraft:mangrove_root_placer",
      "root_provider": {
        "type": "minecraft:simple_state_provider",
        "state": {
          "Name": "minecraft:oak_log",
          "Properties": {
            "axis": "y"
          }
        }
      },
      "trunk_offset_y": 1,
      "above_root_placement": {
        "above_root_provider": {
          "type": "minecraft:weighted_state_provider",
          "entries": [
            {
              "weight": 2,
              "data": {
                "Name": "minecraft:air"
              }
            },
            {
              "weight": 1,
              "data": {
                "Name": "minecraft:moss_carpet"
              }
            }
          ]
        },
        "above_root_placement_chance": 0.9
      },
      "mangrove_root_placement": {
        "max_root_width": 2,
        "max_root_length": 2,
        "random_skew_chance": 0.9,
        "can_grow_through": "#minecraft:mangrove_roots_can_grow_through",
        "muddy_roots_in": "minecraft:muddy_mangrove_roots",
        "muddy_roots_provider": {
          "type": "minecraft:simple_state_provider",
          "state": {
            "Name": "minecraft:oak_log",
            "Properties": {
              "axis": "y"
            }
          }
        }
      }
    },
    "trunk_placer": {
      "type": "minecraft:straight_trunk_placer",
      "base_height": 2,
      "height_rand_a": 3,
      "height_rand_b": 6
    },
    "foliage_placer": {
      "type": "minecraft:jungle_foliage_placer",
      "radius": {
        "type": "minecraft:uniform",
        "value": {
          "min_inclusive": 1,
          "max_inclusive": 2
        }
      },
      "offset": 1,
      "height": 3
    },
    "decorators": [
      {
        "type": "minecraft:attached_to_leaves",
        "probability": 0.3,
        "exclusion_radius_xz": 0,
        "exclusion_radius_y": 0,
        "required_empty_blocks": 1,
        "block_provider": {
          "type": "minecraft:simple_state_provider",
          "state": {
            "Name": "minecraft:oak_leaves",
            "Properties": {
              "distance": "7",
              "persistent": "false",
              "waterlogged": "false"
            }
          }
        },
        "directions": [
          "down"
        ]
      },
      {
        "type": "minecraft:leave_vine",
        "probability": 0.25
      }
    ]
  }
}
