{



  "condition": "minecraft:any_of",
  "terms": [


    {
      "condition": "minecraft:entity_properties",
      "entity": "this",
      "predicate": {
        "location": {
          "structure": "minecraft:village_plains"
        }
      }
    },
    {
      "condition": "minecraft:entity_properties",
      "entity": "this",
      "predicate": {
        "location": {
          "structure": "minecraft:village_desert"
        }
      }
    },
    {
      "condition": "minecraft:entity_properties",
      "entity": "this",
      "predicate": {
        "location": {
          "structure": "minecraft:village_savanna"
        }
      }
    },
    {
      "condition": "minecraft:entity_properties",
      "entity": "this",
      "predicate": {
        "location": {
          "structure": "minecraft:village_taiga"
        }
      }
    },
    {
      "condition": "minecraft:entity_properties",
      "entity": "this",
      "predicate": {
        "location": {
          "structure": "minecraft:village_snowy"
        }
      }
    }
    
  ]
}
