{
  "name": "1_splatus:ultris/sanctum",
  "fallback": "1_splatus:sanctum_path_end",
  "elements": [
    
    {
      "weight": 40,
      "element": {
        "location": "1_splatus:ultris/path",
        "processors": "1_splatus:ultris/sanctum",
		"projection": "rigid",
        "element_type": "minecraft:single_pool_element"
      }
    },
    {
      "weight": 40,
      "element": {
        "location": "1_splatus:ultris/path_bridge",
        "processors": "1_splatus:ultris/sanctum",
		"projection": "rigid",
        "element_type": "minecraft:single_pool_element"
      }
    },
	{
      "weight": 80,
      "element": {
        "location": "1_splatus:ultris/intersect1",
        "processors": "1_splatus:ultris/sanctum",
		"projection": "rigid",
        "element_type": "minecraft:single_pool_element"
      }
    },
	{
      "weight": 80,
      "element": {
        "location": "1_splatus:ultris/intersect2",
        "processors": "1_splatus:ultris/sanctum",
		"projection": "rigid",
        "element_type": "minecraft:single_pool_element"
      }
    },
	{
      "weight": 3,
      "element": {
        "location": "1_splatus:ultris/room1",
        "processors": "1_splatus:ultris/sanctum",
		"projection": "rigid",
        "element_type": "minecraft:single_pool_element"
      }
    },
    {
      "weight": 3,
      "element": {
        "location": "1_splatus:ultris/room2",
        "processors": "1_splatus:ultris/sanctum",
		"projection": "rigid",
        "element_type": "minecraft:single_pool_element"
      }
    },
    {
      "weight": 3,
      "element": {
        "location": "1_splatus:ultris/room3",
        "processors": "1_splatus:ultris/sanctum",
		"projection": "rigid",
        "element_type": "minecraft:single_pool_element"
      }
    },
    {
      "weight": 3,
      "element": {
        "location": "1_splatus:ultris/room4",
        "processors": "1_splatus:ultris/sanctum",
		"projection": "rigid",
        "element_type": "minecraft:single_pool_element"
      }
    },
    {
      "weight": 3,
      "element": {
        "location": "1_splatus:ultris/room5",
        "processors": "1_splatus:ultris/sanctum",
		"projection": "rigid",
        "element_type": "minecraft:single_pool_element"
      }
    },
    {
      "weight": 3,
      "element": {
        "location": "1_splatus:ultris/room6",
        "processors": "1_splatus:ultris/sanctum",
		"projection": "rigid",
        "element_type": "minecraft:single_pool_element"
      }
    },
    {
      "weight": 6,
      "element": {
        "location": "1_splatus:ultris/stairs",
        "processors": "1_splatus:ultris/sanctum",
		"projection": "rigid",
        "element_type": "minecraft:single_pool_element"
      }
    },
    {
      "weight": 6,
      "element": {
        "location": "1_splatus:ultris/stairs3",
        "processors": "1_splatus:ultris/sanctum",
		"projection": "rigid",
        "element_type": "minecraft:single_pool_element"
      }
    },
    {
      "weight": 6,
      "element": {
        "location": "1_splatus:ultris/stairs2",
        "processors": "1_splatus:ultris/sanctum",
		"projection": "rigid",
        "element_type": "minecraft:single_pool_element"
      }
    },
    {
      "weight": 3,
      "element": {
        "location": "1_splatus:ultris/big_room1",
        "processors": "1_splatus:ultris/sanctum",
		"projection": "rigid",
        "element_type": "minecraft:single_pool_element"
      }
    },
    {
      "weight": 3,
      "element": {
        "location": "1_splatus:ultris/big_room2",
        "processors": "1_splatus:ultris/sanctum",
		"projection": "rigid",
        "element_type": "minecraft:single_pool_element"
      }
    },
    {
      "weight": 3,
      "element": {
        "location": "1_splatus:ultris/big_room3",
        "processors": "1_splatus:ultris/sanctum",
		"projection": "rigid",
        "element_type": "minecraft:single_pool_element"
      }
    },
    {
      "weight": 9,
      "element": {
        "location": "1_splatus:ultris/sanctum_powerhouse",
        "processors": "1_splatus:ultris/sanctum",
		"projection": "rigid",
        "element_type": "minecraft:single_pool_element"
      }
    },
    {
      "weight": 3,
      "element": {
        "location": "1_splatus:ultris/room_enderman_storage",
        "processors": "1_splatus:ultris/sanctum",
    "projection": "rigid",
        "element_type": "minecraft:single_pool_element"
      }
    },
    {
      "weight": 3,
      "element": {
        "location": "1_splatus:ultris/room_villager_storage",
        "processors": "1_splatus:ultris/sanctum",
    "projection": "rigid",
        "element_type": "minecraft:single_pool_element"
      }
    },
    {
      "weight": 3,
      "element": {
        "location": "1_splatus:ultris/room_nether_portal",
        "processors": "1_splatus:ultris/sanctum",
    "projection": "rigid",
        "element_type": "minecraft:single_pool_element"
      }
    },
    {
      "weight": 3,
      "element": {
        "location": "1_splatus:ultris/room_library",
        "processors": "1_splatus:ultris/sanctum",
    "projection": "rigid",
        "element_type": "minecraft:single_pool_element"
      }
    },
    
    {
      "weight": 9,
      "element": {
        "location": "1_splatus:ultris/room_allay",
        "processors": "1_splatus:ultris/sanctum",
    "projection": "rigid",
        "element_type": "minecraft:single_pool_element"
      }
    },
    {
      "weight": 111,
      "element": {
        "location": "1_splatus:ultris/lab",
        "processors": "1_splatus:ultris/sanctum",
    "projection": "rigid",
        "element_type": "minecraft:single_pool_element"
      }
    }
  ]
}