{
	"pools": [
	  {
		"rolls": 1,
		"entries": [
		  {
			"type": "minecraft:item",
			"weight": 1,
			"name": "minecraft:elytra"
		  },
		  {
			"type": "minecraft:item",
			"weight": 40,
			"name": "minecraft:dragon_head"
		  },
		  {
			"type": "minecraft:item",
			"weight": 10,
			"name": "minecraft:enchanted_golden_apple",
			"functions": [
			  {
				"function": "minecraft:set_count",
				"count": {
				  "min": 1,
				  "max": 4
				}
			  }
			]
		  },
		  {
			"type": "minecraft:item",
			"weight": 5,
			"name": "minecraft:end_portal_frame",
			"functions": [
			  {
				"function": "minecraft:set_count",
				"count": {
				  "min": 1,
				  "max": 12
				}
			  }
			]
		  },
		  {
			"type": "minecraft:item",
			"weight": 15,
			"name": "minecraft:ender_eye"
		  }
		]
	  }
	]
  }
  