{

  "condition": "minecraft:any_of",
    "terms": [
      {
    "condition": "minecraft:entity_properties",
    "entity": "this",
    "predicate": {
      "equipment": {
        "offhand": {
          "enchantments": [
            {
              "enchantment": "minecraft:lure",
              "levels": 3
            }
          ]
        }
      }
    }
  },
  {
    "condition": "minecraft:entity_properties",
    "entity": "this",
    "predicate": {
      "equipment": {
        "offhand": {
          "enchantments": [
            {
              "enchantment": "minecraft:luck_of_the_sea",
              "levels": 3
            }
          ]
        }
      }
    }
  }




] 
}