{
	"parent": "stellarity:events/root",
	"criteria": {
		"1": {
			"trigger": "minecraft:location",
			"conditions": {
				"player": [
					{
						"condition": "minecraft:reference",
						"name": "stellarity:items/spellbooks/holding_natures_wrath"
					},
					{
						"condition": "minecraft:location_check",
						"predicate": {
							"dimension": "minecraft:the_nether"
						}
					}
				]
			}
		}
	},
	"requirements": [
		[
			"1"
		]
	],
	"rewards": {
		"function": "stellarity:items/spellbooks/natures_wrath/discover_biomes"
	}
}
