{
	"type": "minecraft:vegetation_patch",
	"config": {
		"surface": "ceiling",
		"depth": 1,
		"vertical_range": 5,
		"extra_bottom_block_chance": 0,
		"extra_edge_column_chance": 0,
		"vegetation_chance": 0.266,
		"xz_radius": {
			"type": "minecraft:uniform",
			"value": {
				"min_inclusive": 4,
				"max_inclusive": 6
			}
		},
		"replaceable": "#stellarity:amethyst_forest/diorite_and_calcite",
		"ground_state": {
			"type": "minecraft:weighted_state_provider",
			"entries": [
				{
					"weight": 2,
					"data": {
						"Name": "minecraft:calcite"
					}
				},
				{
					"weight": 1,
					"data": {
						"Name": "minecraft:diorite"
					}
				}
			]
		},
		"vegetation_feature": {
			"feature": {
				"type": "minecraft:simple_block",
				"config": {
					"to_place": {
						"type": "minecraft:weighted_state_provider",
						"entries": [
							{
								"weight": 1,
								"data": {
									"Name": "minecraft:amethyst_cluster",
									"Properties": {
										"facing": "down",
										"waterlogged": "false"
									}
								}
							},
							{
								"weight": 1,
								"data": {
									"Name": "minecraft:large_amethyst_bud",
									"Properties": {
										"facing": "down",
										"waterlogged": "false"
									}
								}
							},
							{
								"weight": 1,
								"data": {
									"Name": "minecraft:medium_amethyst_bud",
									"Properties": {
										"facing": "down",
										"waterlogged": "false"
									}
								}
							},
							{
								"weight": 1,
								"data": {
									"Name": "minecraft:small_amethyst_bud",
									"Properties": {
										"facing": "down",
										"waterlogged": "false"
									}
								}
							}
						]
					}
				}
			},
			"placement": []
		}
	}
}
