{
  "feature": "funky:swamp/red_mushroom",
  "placement": [
    {
      "type": "minecraft:block_predicate_filter",
      "predicate": {
        "type": "minecraft:matching_blocks",
        "offset": [
          0,
          -1,
          0
        ],
        "blocks": [
          "minecraft:dirt",
          "minecraft:clay"
        ]
      }
    },
    {
      "type": "minecraft:block_predicate_filter",
      "predicate": {
        "type": "minecraft:matching_blocks",
        "offset": [
          0,
          0,
          0
        ],
        "blocks": "minecraft:water"
      }
    },
    {
      "type": "minecraft:surface_water_depth_filter",
      "max_water_depth": 50
    }
  ]
}
