{
  "type": "minecraft:tree",
  "config": {
    "ignore_vines": false,
    "force_dirt": false,
    "minimum_size": {
      "type": "minecraft:two_layers_feature_size",
      "limit": 1,
      "lower_size": 1,
      "upper_size": 2
    },
    "dirt_provider": {
      "type": "minecraft:simple_state_provider",
      "state": {
        "Name": "minecraft:dirt"
      }
    },
    "trunk_provider": {
      "type": "minecraft:simple_state_provider",
      "state": {
        "Name": "minecraft:jungle_log",
        "Properties": {
          "axis": "y"
        }
      }
    },
    "foliage_provider": {
      "type": "minecraft:weighted_state_provider",
      "entries": [
        {
          "weight": 3,
          "data": {
            "Name": "minecraft:jungle_leaves",
            "Properties": {
              "persistent": "false",
              "distance": "7",
              "waterlogged": "false"
            }
          }
        },
        {
          "weight": 1,
          "data": {
            "Name": "minecraft:air"
          }
        }
      ]
    },
    "trunk_placer": {
      "type": "minecraft:mega_jungle_trunk_placer",
      "base_height": 12,
      "height_rand_a": 7,
      "height_rand_b": 24
    },
    "foliage_placer": {
      "type": "minecraft:fancy_foliage_placer",
      "radius": 3,
      "offset": 3,
      "height": 5
    },
    "decorators": [
      {
        "type": "minecraft:trunk_vine"
      },
      {
        "type": "minecraft:leave_vine",
        "probability": 0.25
      }
    ]
  }
}
