{
    "pools": [
      {
        "rolls": 1,
        "entries": [
          {
            "type": "minecraft:item",
            "name": "minecraft:diamond_sword",
            "functions": [
              {
                "function": "minecraft:set_nbt",
                "tag": "{CustomModelData:47001,SpellboundItem:1,EndExcalibur:1,display:{Name:'{\"translate\":\"End Excalibur\",\"color\":\"#a66ee6\",\"italic\":false}',Lore:['[{\"translate\":\"Grindstone Repair: \",\"color\":\"gray\",\"italic\": false},{\"translate\":\"item.minecraft.diamond_sword\"}]','{\"translate\":\"Spellbound Weapons\",\"color\":\"#676e75\",\"italic\": true}']}}"
              }
            ]
          }
        ]
      }
    ]
  }
  