{
    "pools": [
      {
        "rolls": 1,
        "entries": [
          {
            "type": "minecraft:item",
            "name": "minecraft:iron_sword",
            "functions": [
              {
                "function": "minecraft:set_nbt",
                "tag": "{CustomModelData:47045,SpellboundItem:1,SpellboundGoldenOceanEdge:1,display:{Name:'{\"translate\":\"Golden Sea Blade\",\"color\":\"#e5ff70\",\"italic\":false}',Lore:['[{\"translate\":\"Grindstone Repair: \",\"color\":\"gray\",\"italic\": false},{\"translate\":\"item.minecraft.iron_sword\"}]','{\"translate\":\"Spellbound Weapons\",\"color\":\"#676e75\",\"italic\": true}']}}"
              }
            ]
          }
        ]
      }
    ]
  }
  