{
    "pools": [
      {
        "rolls": 1,
        "entries": [
          {
            "type": "minecraft:item",
            "name": "minecraft:bow",
            "functions": [
              {
                "function": "minecraft:set_nbt",
                "tag": "{CustomModelData:47040,SpellboundItem:1,SpellboundMagmusCharger:1,display:{Name:'{\"translate\":\"Magmus Charger\",\"color\":\"#cc081f\",\"italic\":false}',Lore:['[{\"translate\":\"Grindstone Repair: \",\"color\":\"gray\",\"italic\": false},{\"translate\":\"item.minecraft.bow\"}]','{\"translate\":\"Spellbound Weapons\",\"color\":\"#676e75\",\"italic\": true}']}}"
              }
            ]
          }
        ]
      }
    ]
  }
  