{
    "pools": [
      {
        "rolls": 1,
        "entries": [
          {
            "type": "minecraft:item",
            "name": "minecraft:iron_axe",
            "functions": [
              {
                "function": "minecraft:set_nbt",
                "tag": "{CustomModelData:47016,SpellboundItem:1,display:{Name:'{\"translate\":\"Mega Hammer\",\"color\":\"yellow\",\"italic\":false}',Lore:['[{\"translate\":\"Grindstone Repair: \",\"color\":\"gray\",\"italic\": false},{\"translate\":\"item.minecraft.iron_axe\"}]','{\"translate\":\"Spellbound Weapons\",\"color\":\"#676e75\",\"italic\": true}']},SpellboundMegaHammer:1}"
              }
            ]
          }
        ]
      }
    ]
  }
  