{
    "pools": [
      {
        "rolls": 1,
        "entries": [
          {
            "type": "minecraft:item",
            "name": "minecraft:iron_sword",
            "functions": [
              {
                "function": "minecraft:set_nbt",
                "tag": "{SpellboundItem:1,display:{Name:'{\"translate\": \"Thorn Blossom\",\"italic\": false,\"color\": \"#ff40a6\"}',Lore:['[{\"translate\":\"Grindstone Repair: \",\"color\":\"gray\",\"italic\": false},{\"translate\":\"item.minecraft.iron_sword\"}]','{\"translate\":\"Spellbound Weapons\",\"color\":\"#676e75\",\"italic\": true}']},SpellboundThornBlossom:1,CustomModelData:47050}"
              }
            ]
          }
        ]
      }
    ]
  }
  