{
    "pools": [
      {
        "rolls": 1,
        "entries": [
          {
            "type": "minecraft:item",
            "name": "minecraft:diamond_sword",
            "functions": [
              {
                "function": "minecraft:set_nbt",
                "tag": "{SpellboundItem:1,display:{Name:'{\"translate\": \"Witherblade\",\"italic\": false,\"color\": \"#7f7aa1\"}',Lore:['[{\"translate\":\"Grindstone Repair: \",\"color\":\"gray\",\"italic\": false},{\"translate\":\"item.minecraft.diamond_sword\"}]','{\"translate\":\"Spellbound Weapons\",\"color\":\"#676e75\",\"italic\": true}']},SpellboundWithering:1,CustomModelData:47015}"
              }
            ]
          }
        ]
      }
    ]
  }
  