{
	"temperature": 0.5,
	"downfall": 0.5,
	"has_precipitation": false,
	"effects": {
		"sky_color": 0,
		"fog_color": 0,
		"water_color": 0,
		"water_fog_color": 0,
		"grass_color": 0,
		"foliage_color": 0
	},
	"spawners": {
		"monster": [
		],
		"creature": [],
		"ambient": [],
		"underground_water_creature": [],
		"water_creature": [],
		"water_ambient": [],
		"misc": []
	},
	"spawn_costs": {},
	"carvers": {},
	"features": [
		[],
		[],
		[],
		[],
		[],
		[],
		[],
		[],
		[],
		[],
		[]
	]
}
