{
	"display": {
		"icon": {
			"item": "minecraft:ender_pearl"
		},
		"title": {
			"translate": "advancements.end.enter_end_gateway.title"
		},
		"description": {
			"translate": "advancements.end.enter_end_gateway.description"
		},
		"frame": "goal",
		"show_toast": true,
		"announce_to_chat": true,
		"hidden": false
	},
	"parent": "minecraft:end/kill_dragon",
	"criteria": {
		"entered_end_gateway": {
			"trigger": "minecraft:enter_block",
			"conditions": {
				"block": "minecraft:end_gateway"
			}
		}
	},
	"requirements": [
		[
			"entered_end_gateway"
		]
	]
}
