{
    "type": "minecraft:chest",
    "pools": [
      
      {
      "rolls": 1,
      "entries": [
       

        {
          "type": "minecraft:empty",
          "weight": 1
        },
        
        {
          "type": "minecraft:loot_table",
          "weight": 3,
          "name": "1_splatus:spellbound/item/nether_fortress_notch",
          "conditions": [
            
            {
              "condition": "minecraft:reference",
              "name": "1_splatus:spellbound/weapons_achieveable"
            }
          ]
        }
      ]
    
    },
          {
            "rolls": {
              "type": "minecraft:uniform",
              "min": 2,
              "max": 4
            },
            "bonus_rolls": 0,
            "entries": [
              {
                "type": "minecraft:item",
                "weight": 5,
                "name": "minecraft:diamond",
                "functions": [
                  {
                    "function": "minecraft:set_count",
                    "count": {
                      "type": "minecraft:uniform",
                      "min": 1,
                      "max": 3
                    },
                    "add": false
                  }
                ]
              },
              {
                "type": "minecraft:item",
                "weight": 5,
                "name": "minecraft:iron_ingot",
                "functions": [
                  {
                    "function": "minecraft:set_count",
                    "count": {
                      "type": "minecraft:uniform",
                      "min": 1,
                      "max": 5
                    },
                    "add": false
                  }
                ]
              },
              {
                "type": "minecraft:item",
                "weight": 15,
                "name": "minecraft:gold_ingot",
                "functions": [
                  {
                    "function": "minecraft:set_count",
                    "count": {
                      "type": "minecraft:uniform",
                      "min": 1,
                      "max": 3
                    },
                    "add": false
                  }
                ]
              },
              {
                "type": "minecraft:item",
                "weight": 5,
                "name": "minecraft:golden_sword"
              },
              {
                "type": "minecraft:item",
                "weight": 5,
                "name": "minecraft:golden_chestplate"
              },
              {
                "type": "minecraft:item",
                "weight": 5,
                "name": "minecraft:flint_and_steel"
              },
              {
                "type": "minecraft:item",
                "weight": 5,
                "name": "minecraft:nether_wart",
                "functions": [
                  {
                    "function": "minecraft:set_count",
                    "count": {
                      "type": "minecraft:uniform",
                      "min": 3,
                      "max": 7
                    },
                    "add": false
                  }
                ]
              },
              {
                "type": "minecraft:item",
                "weight": 10,
                "name": "minecraft:saddle"
              },
              {
                "type": "minecraft:item",
                "weight": 8,
                "name": "minecraft:golden_horse_armor"
              },
              {
                "type": "minecraft:item",
                "weight": 5,
                "name": "minecraft:iron_horse_armor"
              },
              {
                "type": "minecraft:item",
                "weight": 3,
                "name": "minecraft:diamond_horse_armor"
              },
              {
                "type": "minecraft:item",
                "weight": 2,
                "name": "minecraft:obsidian",
                "functions": [
                  {
                    "function": "minecraft:set_count",
                    "count": {
                      "type": "minecraft:uniform",
                      "min": 2,
                      "max": 4
                    },
                    "add": false
                  }
                ]
              }
            ]
          },
          {
            "rolls": 1,
            "bonus_rolls": 0,
            "entries": [
              {
                "type": "minecraft:empty",
                "weight": 14
              },
              {
                "type": "minecraft:item",
                "name": "minecraft:rib_armor_trim_smithing_template"
              }
            ]
          }
    ]
  }
  