{
  "feature": {
    "type": "minecraft:random_selector",
    "config": {
      "features": [
      ],
      "default": {
        "feature": "geophilic:cherry_grove/azalea_bush",
        "placement": []
      }
    }
  },
  "placement": [
    {
      "type": "minecraft:count",
      "count": {
        "type": "minecraft:weighted_list",
        "distribution": [
          {
            "weight": 1,
            "data": {
              "type": "minecraft:biased_to_bottom",
              "value": {
                "min_inclusive": 4,
                "max_inclusive": 8
              }
            }
          }
        ]
      }
    },
    {
      "type": "minecraft:rarity_filter",
      "chance": 2
    },
    {
      "type": "minecraft:in_square"
    },
    {
      "type": "minecraft:surface_water_depth_filter",
      "max_water_depth": 0
    },
    {
      "type": "minecraft:heightmap",
      "heightmap": "OCEAN_FLOOR"
    },
    {
      "type": "minecraft:biome"
    },
    {
      "type": "minecraft:block_predicate_filter",
      "predicate": {
        "type": "minecraft:would_survive",
        "state": {
          "Name": "minecraft:birch_sapling",
          "Properties": {
            "stage": "0"
          }
        }
      }
    }
  ]
}
