{
    
    "display": {
        "title": {
            "translate": "Sealed Secrets",
            "color": ""
        },
        "description": {
            "translate": "Reach the top of the pyramid and insert an Endstone Key to the pedestal by right clicking its shimmering end rod",
            "color": "green"
        },
        "icon": {
            "item": "minecraft:stick",
            "nbt": "{CustomModelData:87005,enchants:[{lvl:4,id:6}],has_enchants:1b,Enchantments:[{}]}"
        },
        "frame": "task",
        "show_toast": true,
        "announce_to_chat": true,
        "hidden": false
    },
    "criteria": {
        "c1": {
            "trigger": "minecraft:impossible"
        }
    },
    "parent": "1_splatus:ultris/blazepath/endpyramid"
}