{
  "processors": [
    {
      "processor_type": "minecraft:rule",
      "rules": [
       
        {
          "location_predicate": {
            "predicate_type": "minecraft:always_true"
          },
          "input_predicate": {
            "predicate_type": "minecraft:random_block_match",
            "block": "minecraft:orange_stained_glass",
            "probability": 0.05
          },
          "output_state": {
            "Name": "minecraft:cobweb",
            "Properties": {
              "snowy": "false",
              "type": "bottom"
            }
          }
        },
        {
          "location_predicate": {
            "predicate_type": "minecraft:always_true"
          },
          "input_predicate": {
            "predicate_type": "minecraft:random_block_match",
            "block": "minecraft:orange_stained_glass",
            "probability": 1
          },
          "output_state": {
            "Name": "minecraft:air",
            "Properties": {
              "snowy": "false",
              "type": "bottom"
            }
          }
        }





        ,
        {
          "location_predicate": {
            "predicate_type": "minecraft:always_true"
          },
          "input_predicate": {
            "predicate_type": "minecraft:random_block_match",
            "block": "minecraft:yellow_stained_glass",
            "probability": 0.01
          },
          "output_state": {
            "Name": "minecraft:cobweb",
            "Properties": {
              "snowy": "false",
              "type": "bottom"
            }
          }
        },
        {
          "location_predicate": {
            "predicate_type": "minecraft:always_true"
          },
          "input_predicate": {
            "predicate_type": "minecraft:random_block_match",
            "block": "minecraft:yellow_stained_glass",
            "probability": 1
          },
          "output_state": {
            "Name": "minecraft:air",
            "Properties": {
              "snowy": "false",
              "type": "bottom"
            }
          }
        }


        
      ]
    }
  ]
}
