{
  "feature": "funky:mangrove_swamp/giant_mangrove",
  "placement": [
    {
      "type": "minecraft:block_predicate_filter",
      "predicate": {
        "type": "minecraft:matching_blocks",
        "offset": [
          0,
          0,
          0
        ],
        "blocks": "minecraft:water"
      }
    },
    {
      "type": "minecraft:block_predicate_filter",
      "predicate": {
        "type": "minecraft:matching_blocks",
        "offset": [
          0,
          -1,
          0
        ],
        "blocks": [
          "minecraft:mud",
          "minecraft:grass_block",
          "minecraft:dirt"
        ]
      }
    },
    {
      "type": "minecraft:surface_water_depth_filter",
      "max_water_depth": 50
    }
  ]
}
