{
  "type": "minecraft:tree",
  "config": {
    "ignore_vines": true,
    "force_dirt": false,
    "minimum_size": {
      "type": "minecraft:two_layers_feature_size",
      "min_clipped_height": 4,
      "limit": 0,
      "lower_size": 0,
      "upper_size": 0
    },
    "dirt_provider": {
      "type": "minecraft:simple_state_provider",
      "state": {
        "Name": "minecraft:dirt"
      }
    },
    "trunk_provider": {
      "type": "minecraft:simple_state_provider",
      "state": {
        "Name": "minecraft:dark_oak_log",
        "Properties": {
          "axis": "y"
        }
      }
    },
    "foliage_provider": {
      "type": "minecraft:weighted_state_provider",
      "entries": [
        {
          "weight": 4,
          "data": {
            "Name": "minecraft:birch_leaves",
            "Properties": {
              "distance": "7",
              "persistent": "false"
            }
          }
        },
        {
          "weight": 1,
          "data": {
            "Name": "minecraft:air"
          }
        }
      ]
    },
    "trunk_placer": {
      "type": "minecraft:fancy_trunk_placer",
      "base_height": 10,
      "height_rand_a": 7,
      "height_rand_b": 18
    },
    "foliage_placer": {
      "type": "minecraft:fancy_foliage_placer",
      "radius": 4,
      "offset": 1,
      "height": 2
    },
    "decorators": [
      {
        "type": "minecraft:trunk_vine"
      },
      {
        "type": "minecraft:beehive",
        "probability": 0.0035
      }
    ]
  }
}
