{
  "type": "minecraft:random_patch",
  "config": {
    "tries": 6,
    "xz_spread": 3,
    "y_spread": 2,
    "feature": {
      "feature": {
        "type": "minecraft:simple_block",
        "config": {
          "to_place": {
            "type": "minecraft:weighted_state_provider",
            "entries": [
              {
                "weight": 1,
                "data": {
                  "Name": "minecraft:azalea"
                }
              },
              {
                "weight": 35,
                "data": {
                  "Name": "minecraft:moss_carpet"
                }
              },
              {
                "weight": 1,
                "data": {
                  "Name": "minecraft:azalea_leaves",
                  "Properties": {
                    "distance": "7",
                    "persistent": "true"
                  }
                }
              }
            ]
          }
        }
      },
      "placement": [
        {
          "type": "minecraft:count",
          "count": {
            "type": "minecraft:uniform",
            "value": {
              "min_inclusive": 2,
              "max_inclusive": 5
            }
          }
        },
        {
          "type": "minecraft:in_square"
        },
        {
          "type": "minecraft:heightmap",
          "heightmap": "WORLD_SURFACE_WG"
        }
      ]
    }
  }
}
