{
    "condition": "minecraft:any_of",
    "terms": [
      {
        "condition": "minecraft:value_check",
        "value": {
          "type": "minecraft:score",
          "target": "this",
          "score": "spellbound_crucible_stunned"
        },
        "range": {
          "min": 1,
          "max": 9999
        }
      },
      {
        "condition": "minecraft:value_check",
        "value": {
          "type": "minecraft:score",
          "target": "this",
          "score": "spellbound_freeze"
        },
        "range": {
          "min": 1,
          "max": 9999
        }
      }
    ]
  }
  