{
  "condition": "minecraft:any_of",
  "terms": [
    {
      "condition": "minecraft:entity_properties",
      "entity": "this",
      "predicate": {
        "nbt": "{Item:{Count:1b,tag:{Potion:\"minecraft:strength\"}}}"
      }
    },
    {
      "condition": "minecraft:entity_properties",
      "entity": "this",
      "predicate": {
        "nbt": "{Item:{Count:1b,tag:{Potion:\"minecraft:long_strength\"}}}"
      }
    },
    {
      "condition": "minecraft:entity_properties",
      "entity": "this",
      "predicate": {
        "nbt": "{Item:{Count:1b,tag:{Potion:\"minecraft:strong_strength\"}}}"
      }
    }
  ]
}
