{
  "type": "minecraft:huge_fungus",
  "config": {
    "hat_state": {
      "Name": "minecraft:air"
    },
    "decor_state": {
      "Name": "minecraft:air"
    },
    "stem_state": {
      "Name": "minecraft:air"
    },
    "valid_base_block": {
      "Name": "minecraft:command_block",
      "Properties": {
        "conditional": "false",
        "facing": "east"
      }
    },
    "replaceable_blocks": {
      "type": "minecraft:matching_blocks",
      "offset": [
        0,
        0,
        0
      ],
      "blocks": "minecraft:jigsaw"
    }
  }
}
