{
  "type": "minecraft:tree",
  "config": {
    "ignore_vines": true,
    "force_dirt": false,
    "minimum_size": {
      "type": "minecraft:three_layers_feature_size",
      "limit": 1,
      "upper_limit": 1,
      "lower_size": 0,
      "middle_size": 1,
      "upper_size": 2
    },
    "dirt_provider": {
      "type": "minecraft:simple_state_provider",
      "state": {
        "Name": "minecraft:dirt"
      }
    },
    "trunk_provider": {
      "type": "minecraft:simple_state_provider",
      "state": {
        "Name": "minecraft:mushroom_stem",
        "Properties": {
          "down": "true",
          "east": "true",
          "north": "true",
          "south": "true",
          "up": "true",
          "west": "true"
        }
      }
    },
    "foliage_provider": {
      "type": "minecraft:simple_state_provider",
      "state": {
        "Name": "minecraft:brown_mushroom_block",
        "Properties": {
          "down": "true",
          "east": "true",
          "north": "true",
          "south": "true",
          "up": "true",
          "west": "true"
        }
      }
    },
    "trunk_placer": {
      "type": "minecraft:forking_trunk_placer",
      "base_height": 4,
      "height_rand_a": 3,
      "height_rand_b": 7
    },
    "foliage_placer": {
      "type": "minecraft:fancy_foliage_placer",
      "radius": 5,
      "offset": 0,
      "height": 0
    },
    "decorators": []
  }
}
