{
  "type": "minecraft:vegetation_patch",
  "config": {
    "surface": "floor",
    "depth": 1,
    "vertical_range": 1,
    "extra_bottom_block_chance": 1,
    "extra_edge_column_chance": 1,
    "vegetation_chance": 0.23,
    "xz_radius": {
      "type": "minecraft:uniform",
      "value": {
        "min_inclusive": 0,
        "max_inclusive": 7
      }
    },
    "replaceable": "#minecraft:lush_ground_replaceable",
    "ground_state": {
      "type": "minecraft:simple_state_provider",
      "state": {
        "Name": "minecraft:mycelium",
        "Properties": {
          "snowy": "false"
        }
      }
    },
    "vegetation_feature": {
      "feature": {
        "type": "minecraft:tree",
        "config": {
          "minimum_size": {
            "type": "minecraft:two_layers_feature_size"
          },
          "dirt_provider": {
            "type": "minecraft:simple_state_provider",
            "state": {
              "Name": "minecraft:mycelium",
              "Properties": {
                "snowy": "false"
              }
            }
          },
          "trunk_provider": {
            "type": "minecraft:simple_state_provider",
            "state": {
              "Name": "minecraft:mushroom_stem",
              "Properties": {
                "down": "true",
                "east": "true",
                "north": "true",
                "south": "true",
                "up": "true",
                "west": "true"
              }
            }
          },
          "foliage_provider": {
            "type": "minecraft:simple_state_provider",
            "state": {
              "Name": "minecraft:red_mushroom_block",
              "Properties": {
                "down": "true",
                "east": "false",
                "north": "true",
                "south": "true",
                "up": "true",
                "west": "true"
              }
            }
          },
          "trunk_placer": {
            "type": "minecraft:upwards_branching_trunk_placer",
            "base_height": 0,
            "height_rand_a": 1,
            "height_rand_b": 3,
            "extra_branch_steps": {
              "type": "minecraft:uniform",
              "value": {
                "min_inclusive": 1,
                "max_inclusive": 3
              }
            },
            "extra_branch_length": {
              "type": "minecraft:uniform",
              "value": {
                "min_inclusive": 0,
                "max_inclusive": 2
              }
            },
            "place_branch_per_log_probability": 0.5,
            "can_grow_through": "#minecraft:anvil"
          },
          "foliage_placer": {
            "type": "minecraft:random_spread_foliage_placer",
            "radius": 1,
            "offset": 1,
            "foliage_height": 1,
            "leaf_placement_attempts": 5
          },
          "decorators": []
        }
      },
      "placement": []
    }
  }
}
