{
  "type": "minecraft:entity",
  "pools": [
    {
      "rolls": 1,
      "entries": [
        {
          "type": "minecraft:item",
          "name": "minecraft:compass",
          "functions": [
            {
              "function": "minecraft:copy_nbt",
              "source": {
                "type": "minecraft:storage",
                "source": "deeper_dark:data"
              },
              "ops": [
                {
                  "source": "lastfoundstructure[0]",
                  "target": "LodestonePos.X",
                  "op": "replace"
                }
              ]
            },
            {
              "function": "minecraft:copy_nbt",
              "source": {
                "type": "minecraft:storage",
                "source": "deeper_dark:data"
              },
              "ops": [
                {
                  "source": "lastfoundstructure[1]",
                  "target": "LodestonePos.Y",
                  "op": "replace"
                }
              ]
            },
            {
              "function": "minecraft:copy_nbt",
              "source": {
                "type": "minecraft:storage",
                "source": "deeper_dark:data"
              },
              "ops": [
                {
                  "source": "lastfoundstructure[2]",
                  "target": "LodestonePos.Z",
                  "op": "replace"
                }
              ]
            }
          ]
        }
      ]
    }
  ],
  "functions": [
    {
      "function": "minecraft:set_nbt",
      "tag": "{display:{Name:'{\"text\":\"Amethyst Mineshaft Locator Compass\",\"italic\":false}'},deeper_dark_locator:amethyst_mineshaft,LodestoneDimension:\"deeper_dark:deeper_dark\",LodestoneTracked:0b}"
    }
  ]
}
