{
    
    "display": {
        "title": {
            "translate": "Ultris: Boss Expansion",
            "color": ""
        },
        "description": {
            "translate": "Venture further and discover the 8 Ultris Bosses. Follow through the advancements proceeding to find the paths to each boss.",
            "color": "yellow"
        },
        "icon": {
            
                "item": "minecraft:enchanted_book",
                "nbt": "{CustomModelData:87003}"
        },
        "frame": "task",
        "show_toast": false,
        "announce_to_chat": false,
        "hidden": false,
        "background": "minecraft:textures/block/obsidian.png"
    },
    "criteria": {
        "c1": {
            "trigger": "minecraft:impossible"
        }
    }
}