





{
    
    "display": {
        "title": {
            "translate": "Ultra Withering Heights",
            "color": ""
        },
        "description": {
            "translate": "Throw an Enchanted Command Block at a Wither, summon the Ultris Boss, Ultra Wither",
            "color": "green"
        },
        "icon": {
            "item": "minecraft:nether_star"
        },
        "frame": "task",
        "show_toast": true,
        "announce_to_chat": true,
        "hidden": false
    },
    "criteria": {
        "c1": {
            "trigger": "minecraft:impossible"
        }
    },
    "parent": "1_splatus:ultris/command"
}