{
  "feature": {
    "type": "minecraft:random_selector",
    "config": {
      "features": [
        {
          "chance": 0.05,
          "feature": "funky:birch_forest/birch_shrub"
        },
        {
          "chance": 0.01,
          "feature": "funky:birch_forest/birch_boulder"
        }
      ],
      "default": "funky:birch_forest/b_flowers"
    }
  },
  "placement": [
    {
      "type": "minecraft:count",
      "count": 12
    },
    {
      "type": "minecraft:heightmap",
      "heightmap": "WORLD_SURFACE_WG"
    }
  ]
}
