{
    "replace": false,
    "values": [
     
    
      {"id": "#1_splatus:ultris/cannot_be_blown_up","required": false},
      {"id": "minecraft:purpur_block","required": false},
      {"id": "minecraft:purpur_slab","required": false},
      {"id": "minecraft:purpur_stairs","required": false},
      {"id": "minecraft:purpur_pillar","required": false},
      {"id": "#minecraft:banners","required": false},
      {"id": "minecraft:smooth_quartz","required": false},
      {"id": "minecraft:smooth_quartz_slab","required": false},
      {"id": "minecraft:smooth_quartz_stairs","required": false},
      {"id": "minecraft:end_rod","required": false},
      {"id": "minecraft:air","required": false},
      {"id": "minecraft:structure_void","required": false},
      {"id": "minecraft:oak_trapdoor","required": false},
      {"id": "minecraft:light","required": false}
  
      
  
  
  
    
  
  
      
    ]
  }
  