{
  "type": "minecraft:tree",
  "config": {
    "ignore_vines": false,
    "force_dirt": false,
    "minimum_size": {
      "type": "minecraft:two_layers_feature_size",
      "limit": 1,
      "lower_size": 1,
      "upper_size": 2
    },
    "dirt_provider": {
      "type": "minecraft:simple_state_provider",
      "state": {
        "Name": "minecraft:dirt"
      }
    },
    "trunk_provider": {
      "type": "minecraft:simple_state_provider",
      "state": {
        "Name": "minecraft:spruce_log",
        "Properties": {
          "axis": "y"
        }
      }
    },
    "foliage_provider": {
      "type": "minecraft:weighted_state_provider",
      "entries": [
        {
          "weight": 4,
          "data": {
            "Name": "minecraft:spruce_leaves",
            "Properties": {
              "distance": "7",
              "persistent": "false"
            }
          }
        },
        {
          "weight": 1,
          "data": {
            "Name": "minecraft:air"
          }
        }
      ]
    },
    "trunk_placer": {
      "type": "minecraft:giant_trunk_placer",
      "base_height": 16,
      "height_rand_a": 4,
      "height_rand_b": 15
    },
    "foliage_placer": {
      "type": "minecraft:mega_pine_foliage_placer",
      "radius": 0,
      "offset": 0,
      "crown_height": {
        "type": "minecraft:uniform",
        "value": {
          "min_inclusive": 15,
          "max_inclusive": 18
        }
      }
    },
    "decorators": [
      {
        "type": "minecraft:alter_ground",
        "provider": {
          "type": "minecraft:simple_state_provider",
          "state": {
            "Name": "minecraft:podzol",
            "Properties": {
              "snowy": "false"
            }
          }
        }
      }
    ]
  }
}
