{
  "type": "minecraft:vegetation_patch",
  "config": {
    "surface": "floor",
    "depth": 1,
    "vertical_range": 1,
    "extra_bottom_block_chance": 0,
    "extra_edge_column_chance": 0,
    "vegetation_chance": 0.2,
    "xz_radius": {
      "type": "minecraft:uniform",
      "value": {
        "min_inclusive": 1,
        "max_inclusive": 2
      }
    },
    "replaceable": "#minecraft:lush_ground_replaceable",
    "ground_state": {
      "type": "minecraft:weighted_state_provider",
      "entries": [
        {
          "weight": 2,
          "data": {
            "Name": "minecraft:coarse_dirt"
          }
        },
        {
          "weight": 7,
          "data": {
            "Name": "minecraft:podzol",
            "Properties": {
              "snowy": "false"
            }
          }
        },
        {
          "weight": 3,
          "data": {
            "Name": "minecraft:rooted_dirt"
          }
        }
      ]
    },
    "vegetation_feature": {
      "feature": {
        "type": "minecraft:random_boolean_selector",
        "config": {
          "feature_false": {
            "feature": {
              "type": "minecraft:block_column",
              "config": {
                "direction": "north",
                "allowed_placement": {
                  "type": "minecraft:true"
                },
                "prioritize_tip": false,
                "layers": [
                  {
                    "height": {
                      "type": "minecraft:uniform",
                      "value": {
                        "min_inclusive": 5,
                        "max_inclusive": 7
                      }
                    },
                    "provider": {
                      "type": "minecraft:simple_state_provider",
                      "state": {
                        "Name": "minecraft:spruce_log",
                        "Properties": {
                          "axis": "z"
                        }
                      }
                    }
                  }
                ]
              }
            },
            "placement": []
          },
          "feature_true": {
            "feature": {
              "type": "minecraft:block_column",
              "config": {
                "direction": "east",
                "allowed_placement": {
                  "type": "minecraft:true"
                },
                "prioritize_tip": false,
                "layers": [
                  {
                    "height": {
                      "type": "minecraft:uniform",
                      "value": {
                        "min_inclusive": 5,
                        "max_inclusive": 7
                      }
                    },
                    "provider": {
                      "type": "minecraft:simple_state_provider",
                      "state": {
                        "Name": "minecraft:spruce_log",
                        "Properties": {
                          "axis": "x"
                        }
                      }
                    }
                  }
                ]
              }
            },
            "placement": []
          }
        }
      },
      "placement": []
    }
  }
}
