{
  "type": "minecraft:tree",
  "config": {
    "ignore_vines": true,
    "force_dirt": false,
    "minimum_size": {
      "type": "minecraft:two_layers_feature_size",
      "limit": 2,
      "lower_size": 0,
      "upper_size": 2
    },
    "dirt_provider": {
      "type": "minecraft:simple_state_provider",
      "state": {
        "Name": "minecraft:dirt"
      }
    },
    "trunk_provider": {
      "type": "minecraft:simple_state_provider",
      "state": {
        "Name": "minecraft:spruce_log",
        "Properties": {
          "axis": "y"
        }
      }
    },
    "foliage_provider": {
      "type": "minecraft:weighted_state_provider",
      "entries": [
        {
          "weight": 6,
          "data": {
            "Name": "minecraft:spruce_leaves",
            "Properties": {
              "persistent": "false",
              "distance": "7"
            }
          }
        }
      ]
    },
    "trunk_placer": {
      "type": "minecraft:straight_trunk_placer",
      "base_height": 3,
      "height_rand_a": 3,
      "height_rand_b": 8
    },
    "foliage_placer": {
      "type": "minecraft:spruce_foliage_placer",
      "radius": {
        "type": "minecraft:uniform",
        "value": {
          "min_inclusive": 2,
          "max_inclusive": 3
        }
      },
      "offset": {
        "type": "minecraft:uniform",
        "value": {
          "min_inclusive": 1,
          "max_inclusive": 2
        }
      },
      "trunk_height": {
        "type": "minecraft:uniform",
        "value": {
          "min_inclusive": 2,
          "max_inclusive": 9
        }
      }
    },
    "decorators": []
  }
}
