{
  "display": {
    "icon": {
      "item": "minecraft:lantern",
      "nbt": "{Potion:\"minecraft:night_vision\"}"
    },
    "title": {
      "text": "Brightest Light"
    },
    "description": {
      "text": "Have the Night Vision effect, wear a Clearsight enchanted helmet, and be in the brightest light level, all at the same time"
    },
    "frame": "challenge",
    "show_toast": true,
    "announce_to_chat": true,
    "hidden": false
  },
  "parent": "deeper_dark:night_vision",
  "criteria": {
    "light": {
      "trigger": "minecraft:tick",
      "conditions": {
        "player": [
          {
            "condition": "minecraft:entity_properties",
            "entity": "this",
            "predicate": {
              "location": {
                "light": {
                  "light": 15
                }
              },
              "equipment": {
                "head": {
                  "nbt": "{deeper_dark_enchantments:[\"clearsight\"]}"
                }
              },
              "effects": {
                "minecraft:night_vision": {}
              }
            }
          }
        ]
      }
    }
  },
  "requirements": [
    [
      "light"
    ]
  ],
  "rewards": {
    "experience": 30
  }
}
