{
  "display": {
    "icon": {
      "item": "minecraft:sculk"
    },
    "title": {
      "text": "Deeper Dark"
    },
    "description": {
      "text": "Treasure and Danger"
    },
    "background": "minecraft:textures/block/sculk_catalyst_top.png",
    "frame": "task",
    "show_toast": true,
    "announce_to_chat": true,
    "hidden": false
  },
  "criteria": {
    "criteria": {
      "trigger": "minecraft:location",
      "conditions": {
        "player": [
          {
            "condition": "minecraft:location_check",
            "predicate": {
              "dimension": "deeper_dark:deeper_dark"
            }
          }
        ]
      }
    }
  },
  "requirements": [
    [
      "criteria"
    ]
  ]
}
