{
  "display": {
    "icon": {
      "item": "minecraft:echo_shard",
      "nbt": "{Enchantments: [{}]}"
    },
    "title": {
      "text": "The Way Out"
    },
    "description": {
      "text": "Escape Through the Ancient City Portal"
    },
    "frame": "goal",
    "show_toast": true,
    "announce_to_chat": true,
    "hidden": false
  },
  "parent": "deeper_dark:city",
  "criteria": {
    "criteria": {
      "trigger": "minecraft:impossible"
    }
  },
  "requirements": [
    [
      "criteria"
    ]
  ]
}
