{
  "feature": {
    "type": "minecraft:simple_random_selector",
    "config": {
      "features": [
        {
          "feature": {
            "type": "minecraft:simple_block",
            "config": {
              "to_place": {
                "type": "minecraft:simple_state_provider",
                "state": {
                  "Name": "minecraft:calibrated_sculk_sensor",
                  "Properties": {
                    "facing": "north"
                  }
                }
              }
            }
          },
          "placement": []
        },
        {
          "feature": {
            "type": "minecraft:simple_block",
            "config": {
              "to_place": {
                "type": "minecraft:simple_state_provider",
                "state": {
                  "Name": "minecraft:calibrated_sculk_sensor",
                  "Properties": {
                    "facing": "south"
                  }
                }
              }
            }
          },
          "placement": []
        },
        {
          "feature": {
            "type": "minecraft:simple_block",
            "config": {
              "to_place": {
                "type": "minecraft:simple_state_provider",
                "state": {
                  "Name": "minecraft:calibrated_sculk_sensor",
                  "Properties": {
                    "facing": "west"
                  }
                }
              }
            }
          },
          "placement": []
        },
        {
          "feature": {
            "type": "minecraft:simple_block",
            "config": {
              "to_place": {
                "type": "minecraft:simple_state_provider",
                "state": {
                  "Name": "minecraft:calibrated_sculk_sensor",
                  "Properties": {
                    "facing": "east"
                  }
                }
              }
            }
          },
          "placement": []
        }
      ]
    }
  },
  "placement": [
    {
      "type": "minecraft:count",
      "count": 256
    },
    {
      "type": "minecraft:in_square"
    },
    {
      "type": "minecraft:height_range",
      "height": {
        "type": "minecraft:uniform",
        "min_inclusive": {
          "above_bottom": 4
        },
        "max_inclusive": {
          "below_top": 4
        }
      }
    },
    {
      "type": "minecraft:environment_scan",
      "direction_of_search": "up",
      "max_steps": 32,
      "target_condition": {
        "type": "minecraft:matching_block_tag",
        "offset": [
          0,
          -1,
          0
        ],
        "tag": "minecraft:vibration_resonators"
      },
      "allowed_search_condition": {
        "type": "minecraft:true"
      }
    },
    {
      "type": "minecraft:block_predicate_filter",
      "predicate": {
        "type": "minecraft:matching_blocks",
        "blocks": [
          "minecraft:air",
          "minecraft:sculk_vein"
        ]
      }
    },
    {
      "type": "minecraft:biome"
    }
  ]
}
