{
	"display": {
		"icon": {
			"item": "minecraft:phantom_membrane"
		},
		"title": {
			"translate": "stellarity.advancements.night_sky_stalkers",
			"fallback": "Night Sky Stalkers"
		},
		"description": {
			"translate": "stellarity.advancements.night_sky_stalkers.description",
			"fallback": "Kill a Phantom. They will vanish as soon as you get some sleep"
		}
	},
	"parent": "minecraft:adventure/kill_a_mob",
	"criteria": {
		"sleep_deprivation": {
			"trigger": "minecraft:player_killed_entity",
			"conditions": {
				"entity": {
					"type": "minecraft:phantom"
				}
			}
		}
	}
}
