{
  "type": "minecraft:flower",
  "config": {
    "tries": 32,
    "xz_spread": 6,
    "y_spread": 2,
    "feature": {
      "feature": {
        "type": "minecraft:simple_block",
        "config": {
          "to_place": {
            "type": "minecraft:noise_provider",
            "seed": 555,
            "noise": {
              "firstOctave": 0,
              "amplitudes": [
                1
              ]
            },
            "scale": 0.005,
            "states": [
              {
                "Name": "minecraft:peony",
                "Properties": {
                  "half": "lower"
                }
              },
              {
                "Name": "minecraft:lilac",
                "Properties": {
                  "half": "lower"
                }
              },
              {
                "Name": "minecraft:pink_tulip"
              },
              {
                "Name": "minecraft:white_tulip"
              },
              {
                "Name": "minecraft:allium"
              },
              {
                "Name": "minecraft:air"
              }
            ]
          }
        }
      },
      "placement": [
        {
          "type": "minecraft:block_predicate_filter",
          "predicate": {
            "type": "minecraft:matching_blocks",
            "blocks": "minecraft:air"
          }
        }
      ]
    }
  }
}
