{
  "type": "minecraft:tree",
  "config": {
    "ignore_vines": true,
    "force_dirt": false,
    "minimum_size": {
      "type": "minecraft:two_layers_feature_size",
      "limit": 1,
      "lower_size": 0,
      "upper_size": 1
    },
    "dirt_provider": {
      "type": "minecraft:simple_state_provider",
      "state": {
        "Name": "minecraft:dirt"
      }
    },
    "trunk_provider": {
      "type": "minecraft:simple_state_provider",
      "state": {
        "Name": "minecraft:birch_log",
        "Properties": {
          "axis": "y"
        }
      }
    },
    "foliage_provider": {
      "type": "minecraft:simple_state_provider",
      "state": {
        "Name": "minecraft:birch_leaves",
        "Properties": {
          "distance": "7",
          "persistent": "false",
          "waterlogged": "false"
        }
      }
    },
    "trunk_placer": {
      "type": "minecraft:upwards_branching_trunk_placer",
      "base_height": 14,
      "height_rand_a": 4,
      "height_rand_b": 6,
      "extra_branch_steps": {
        "type": "minecraft:uniform",
        "value": {
          "min_inclusive": 4,
          "max_inclusive": 6
        }
      },
      "extra_branch_length": {
        "type": "minecraft:uniform",
        "value": {
          "min_inclusive": 3,
          "max_inclusive": 7
        }
      },
      "place_branch_per_log_probability": 0.8,
      "can_grow_through": "minecraft:birch_log"
    },
    "foliage_placer": {
      "type": "minecraft:random_spread_foliage_placer",
      "radius": 2,
      "offset": 2,
      "foliage_height": 1,
      "leaf_placement_attempts": 12
    },
    "decorators": [
      {
        "type": "minecraft:beehive",
        "probability": 0.002
      }
    ]
  }
}
