{
  "type": "minecraft:tree",
  "config": {
    "ignore_vines": false,
    "force_dirt": false,
    "minimum_size": {
      "type": "minecraft:two_layers_feature_size",
      "limit": 1,
      "lower_size": 1,
      "upper_size": 2
    },
    "dirt_provider": {
      "type": "minecraft:simple_state_provider",
      "state": {
        "Name": "minecraft:dirt"
      }
    },
    "trunk_provider": {
      "type": "minecraft:simple_state_provider",
      "state": {
        "Name": "minecraft:birch_log",
        "Properties": {
          "axis": "y"
        }
      }
    },
    "foliage_provider": {
      "type": "minecraft:weighted_state_provider",
      "entries": [
        {
          "weight": 4,
          "data": {
            "Name": "minecraft:birch_leaves",
            "Properties": {
              "distance": "7",
              "persistent": "false"
            }
          }
        }
      ]
    },
    "trunk_placer": {
      "type": "minecraft:straight_trunk_placer",
      "base_height": 5,
      "height_rand_a": 5,
      "height_rand_b": 13
    },
    "foliage_placer": {
      "type": "minecraft:mega_pine_foliage_placer",
      "radius": 0,
      "offset": 3,
      "crown_height": {
        "type": "minecraft:uniform",
        "value": {
          "min_inclusive": 12,
          "max_inclusive": 15
        }
      }
    },
    "decorators": []
  }
}
